[
    {
        "language": "English",
        "code": "en",
        "nativeName": "English",
        "preliminaries": "Preliminaries",
        "languages": "Languages"
    },
    {
        "language": "Arabic",
        "code": "ar",
        "nativeName": "العربية",
        "preliminaries": "مقدمات",
        "languages": "اللغات"
    },
    {
        "language": "Filipino",
        "code": "fil",
        "nativeName": "Filipino",
        "preliminaries": "Preliminaries",
        "languages": "Languages"
    },
    {
        "language": "French",
        "code": "fr",
        "nativeName": "Français",
        "preliminaries": "Notes préliminaires",
        "languages": "Langues"
    },
    {
        "language": "Bosnian",
        "code": "bs",
        "nativeName": "Bosanski",
        "preliminaries": "Uvod",
        "languages": "Jezici"
    },
    {
        "language": "Chinese",
        "code": "zh-hans",
        "nativeName": "中文",
        "preliminaries": "前言",
        "languages": "语言"
    },
    {
        "language": "Dutch",
        "code": "nl",
        "nativeName": "Nederlands",
        "preliminaries": "Preliminaries",
        "languages": "Languages"
    },
    {
        "language": "German",
        "code": "de",
        "nativeName": "Deutsch",
        "preliminaries": "Preliminaries",
        "languages": "Languages"
    },
    {
        "language": "Italian",
        "code": "it",
        "nativeName": "Italiano",
        "preliminaries": "Preliminaries",
        "languages": "Languages"
    },
    {
        "language": "Japanese",
        "code": "ja",
        "nativeName": "日本語",
        "preliminaries": "Preliminaries",
        "languages": "Languages"
    },
    {
        "language": "Korean",
        "code": "ko",
        "nativeName": "한국어",
        "preliminaries": "서문",
        "languages": "Languages"
    },
    {
        "language": "Polish",
        "code": "pl",
        "nativeName": "Polski",
        "preliminaries": "Preliminaries",
        "languages": "Languages"
    },
    {
        "language": "Portuguese-Brazil",
        "code": "pt-br",
        "nativeName": "Português",
        "preliminaries": "Preliminaries",
        "languages": "Languages"
    },
    {
        "language": "Russian",
        "code": "ru",
        "nativeName": "Русский",
        "preliminaries": "Введение",
        "languages": "Languages"
    },
    {
        "language": "Slovenian",
        "code": "sl",
        "nativeName": "Slovenščina",
        "preliminaries": "Preliminaries",
        "languages": "Languages"
    },
    {
        "language": "Spanish",
        "code": "es",
        "nativeName": "Español",
        "preliminaries": "Preliminaries",
        "languages": "Languages"
    },
    {
        "language": "Swedish",
        "code": "sv",
        "nativeName": "Svenska",
        "preliminaries": "Preliminaries",
        "languages": "Languages"
    },
    {
        "language": "Ukrainian",
        "code": "uk",
        "nativeName": "Українська",
        "preliminaries": "Preliminaries",
        "languages": "Languages"
    },
    {
        "language": "Vietnamese",
        "code": "vi",
        "nativeName": "Tiếng Việt",
        "preliminaries": "Preliminaries",
        "languages": "Languages"
    }
]